student_id,model,run,total_score,total_points,ta1_total_score,ta2_total_score,ta3_total_score,ta_score_avg,score_diff,normalized_ai_score,model_vendor,feedback_length,run_mean_score,run_score_std,llm_call_time_taken,total_time_taken,overall_feedback,q1_ai_score,q2_ai_score,q3_ai_score,q4_ai_score,q5_ai_score,q6_ai_score
1,gpt-5,1,80.5,133.0,89.0,61.0,89.0,79.66666666666667,0.8333333333333286,0.6052631578947368,OpenAI,535,86.33333333333333,6.006940430313368,114.0643391609192,114.0663812160492,"Strong performance on memory translation (Q6) and solid understanding of the locking approach trade-offs (Q3). Other answers were too brief: Q1 needed concrete response/turnaround calculations and clear statements about order effects; Q2 needed explicit register values (0 → -1) and/or trace; Q4 benefited from a short timing breakdown; Q5 required specific predictions tied to buffer size, production count, and consumer sleep pattern. Focus on providing numeric results and concise justifications aligned with the prompts and rubric.",2.5,6.0,15.0,8.0,9.0,40.0
1,gpt-5,2,86.0,133.0,89.0,61.0,89.0,79.66666666666667,6.333333333333329,0.6466165413533834,OpenAI,411,86.33333333333333,6.006940430313368,116.2975573539734,116.29904341697691,"Solid performance on synchronization and address translation (Q3, Q6). Timing and scheduling questions (Q1, Q4) need explicit quantitative answers and clearer ties to response/turnaround metrics. For the ISA tracing (Q2), state concrete register values during execution. For the producer/consumer question (Q5), provide clear, parameter-specific expectations (e.g., num_full ≈ buffer size when consumer sleeps).",4.0,8.0,15.0,8.0,11.0,40.0
1,gpt-5,3,92.5,133.0,89.0,61.0,89.0,79.66666666666667,12.833333333333329,0.6954887218045113,OpenAI,466,86.33333333333333,6.006940430313368,103.18935203552246,103.19051313400269,"Strong work on address translation (Q6) and correct timing for the CPU/IO scheduling scenario (Q4). The main weaknesses are Q1, which lacks the required response/turnaround calculations and clear statements about order effects, and Q5, which needs clearer behavioral descriptions and explicit num_full predictions. Q2’s logic is mostly correct but should state explicit register values. Q3’s qualitative performance comparisons are good; add precision when possible.",2.5,12.0,14.0,16.0,8.0,40.0
1,gpt-4o,1,87.0,133.0,89.0,61.0,89.0,79.66666666666667,7.333333333333329,0.6541353383458647,OpenAI,267,85.0,2.6457513110645907,22.81236886978149,22.813826322555546,"The student demonstrated a good understanding of some concepts, particularly in identifying faults and translating addresses in question 6. However, they need to provide more detailed explanations and calculations in other questions to fully meet the rubric criteria.",0.0,12.0,10.0,16.0,9.0,40.0
1,gpt-4o,2,82.0,133.0,89.0,61.0,89.0,79.66666666666667,2.3333333333333286,0.6165413533834586,OpenAI,218,85.0,2.6457513110645907,24.733363389968872,24.73548197746277,The student demonstrated understanding in some areas but needs to provide more detailed explanations and calculations for several questions. Focus on addressing all parts of the question and providing complete answers.,0.0,12.0,5.0,16.0,9.0,40.0
1,gpt-4o,3,86.0,133.0,89.0,61.0,89.0,79.66666666666667,6.333333333333329,0.6466165413533834,OpenAI,263,85.0,2.6457513110645907,26.20730185508728,26.208466053009037,"The student demonstrated a good understanding of some concepts, particularly in address translation and process timing. However, they need to improve on providing detailed explanations and quantitative analysis for scheduling policies and performance comparisons.",0.0,16.0,5.0,16.0,9.0,40.0
1,global.anthropic.claude-opus-4-6-v1,1,89.5,133.0,89.0,61.0,89.0,79.66666666666667,9.833333333333329,0.6729323308270677,Anthropic,633,88.83333333333333,2.5658007197234403,54.00325798988342,54.005197525024414,"The student demonstrates understanding of core concepts across most questions but frequently lacks depth and detail in explanations. Question 6 (paging translation) was answered perfectly with all correct addresses. Questions 1, 4, and 5 suffer from insufficient explanation - the student often provides correct conclusions without showing reasoning or numerical support. Question 2 needed a more structured trace output. Question 3 was reasonably well-answered with experimental data but could use deeper analysis. Overall, the student should focus on providing more detailed explanations and showing their work to earn full credit.",9.5,12.0,10.0,10.0,8.0,40.0
1,global.anthropic.claude-opus-4-6-v1,2,91.0,133.0,89.0,61.0,89.0,79.66666666666667,11.333333333333329,0.6842105263157895,Anthropic,601,88.83333333333333,2.5658007197234403,54.32559084892273,54.32720565795898,"The student demonstrates a solid understanding of the core concepts across most questions but frequently provides answers that are too brief and lack detailed explanations. The strongest performance was on Question 6 (paging translation) where all answers were correct. The weakest areas were Questions 1 and 5, where more detailed numerical analysis and explanations were needed. A consistent pattern is providing correct conclusions without sufficient supporting reasoning or specific data. The student should focus on showing their work and providing more thorough explanations to earn full credit.",10.0,12.0,10.0,10.0,9.0,40.0
1,global.anthropic.claude-opus-4-6-v1,3,86.0,133.0,89.0,61.0,89.0,79.66666666666667,6.333333333333329,0.6466165413533834,Anthropic,588,88.83333333333333,2.5658007197234403,46.30348610877991,46.30486583709717,"The student demonstrates understanding of core concepts across most questions but frequently provides answers that are too brief and lack detailed explanations. Question 6 (paging translation) was answered perfectly. Questions 1, 2, 4, and 5 would benefit significantly from more detailed explanations and numerical values where applicable. Question 3 shows reasonable understanding but needs deeper analysis of the performance implications. Overall, the student should focus on providing more thorough explanations and showing their work/reasoning rather than just stating final answers.",8.0,12.0,10.0,10.0,6.0,40.0
1,global.anthropic.claude-sonnet-4-6,1,81.0,133.0,89.0,61.0,89.0,79.66666666666667,1.3333333333333286,0.6090225563909775,Anthropic,884,83.0,1.7320508075688772,53.74344348907471,53.74537825584412,"The student demonstrates variable performance across questions. The strongest performance is in Question 6 (paging translation) with a perfect score, showing solid understanding of multilevel page table translation. Question 3 (vector-avoid-hold-and-wait) and Question 2 (loop.s) show reasonable understanding. However, Questions 1, 4, and 5 are significantly underdeveloped - lacking numerical computations, detailed explanations, and complete answers to all sub-questions. The student tends to provide brief, incomplete answers that capture some concepts but miss critical details and quantitative analysis. To improve: (1) Always provide numerical values when asked to compute metrics, (2) Address all sub-questions explicitly, (3) Show step-by-step reasoning rather than just conclusions, (4) Use specific examples to support explanations. Total score: 81/133 (approximately 61%).",3.0,12.0,10.0,8.0,8.0,40.0
1,global.anthropic.claude-sonnet-4-6,2,84.0,133.0,89.0,61.0,89.0,79.66666666666667,4.333333333333329,0.631578947368421,Anthropic,838,83.0,1.7320508075688772,60.01913928985596,60.020795583724976,"The student demonstrates variable performance across questions. The strongest performance is in Question 6 (virtual address translation) where all 8 answers are perfectly correct (40/40). Question 3 (vector-avoid-hold-and-wait) also shows good understanding with correct identification of the main problem and performance comparisons. However, several questions suffer from lack of detail and missing numerical/quantitative analysis: Question 1 lacks all numerical computations for scheduling metrics; Question 4 gives the correct answer but no explanation; Question 5 is extremely brief and misses entire sub-questions. The student appears to understand concepts at a high level but consistently fails to provide the detailed explanations and numerical evidence required by the rubrics. Total estimated score: 84/133 (approximately 63%).",5.0,11.0,13.0,8.0,7.0,40.0
1,global.anthropic.claude-sonnet-4-6,3,84.0,133.0,89.0,61.0,89.0,79.66666666666667,4.333333333333329,0.631578947368421,Anthropic,931,83.0,1.7320508075688772,56.57440519332886,56.57627248764038,"The student demonstrates variable performance across questions. The strongest performance is in Question 6 (paging translation) where all 8 addresses are correctly translated (40/40). Question 3 (vector-avoid-hold-and-wait) also shows good understanding (13/15). Question 2 shows adequate conceptual understanding of the loop.s program. However, Questions 1, 4, and 5 are significantly underdeveloped - lacking numerical computations, detailed explanations, and complete coverage of all sub-questions. The student tends to provide very brief answers without showing work or providing the depth of analysis required. To improve, the student should: (1) always show numerical calculations and step-by-step reasoning, (2) address all sub-questions explicitly, (3) provide specific examples and data to support claims, and (4) match the level of detail expected in the reference answers. Total score: approximately 84/133 points (63%).",3.0,13.0,13.0,8.0,7.0,40.0
1,global.anthropic.claude-haiku-4-5-20251001-v1:0,1,81.5,133.0,89.0,61.0,89.0,79.66666666666667,1.8333333333333286,0.6127819548872181,Anthropic,879,75.83333333333333,6.0277137733417065,27.73504376411438,27.744457960128784,"The student demonstrates variable performance across the six questions. Strengths include correct final answers on the paging translation problem (Question 6) and correct identification of time units in the scheduling problem (Question 4). However, the student consistently lacks detailed explanations, numerical evidence, and step-by-step reasoning. Question 1 requires specific performance metrics that are entirely missing. Questions 2, 3, and 5 show conceptual understanding but lack the depth of analysis and detailed tracing required by the rubrics. The student should focus on: (1) providing complete numerical answers with supporting calculations, (2) showing all intermediate steps in complex problems, (3) explaining the 'why' behind answers, not just the 'what', and (4) providing detailed traces and comparisons when requested. Overall score: 81.5/133 points (61.3%).",6.5,8.0,10.0,8.0,9.0,40.0
1,global.anthropic.claude-haiku-4-5-20251001-v1:0,2,76.5,133.0,89.0,61.0,89.0,79.66666666666667,-3.1666666666666714,0.575187969924812,Anthropic,1070,75.83333333333333,6.0277137733417065,27.94715714454651,27.949910402297974,"The student demonstrates mixed performance across the six questions. Strengths include correct identification of scheduling policy differences (Q1), correct final answers for paging translations (Q6), and correct time calculation (Q4). However, significant weaknesses appear in: (1) lack of quantitative analysis and numerical evidence (Q1), (2) incomplete execution traces (Q2), (3) shallow performance analysis (Q3), (4) missing explanations and reasoning (Q4), and (5) severely incomplete answers to complex conceptual questions (Q5). The student shows conceptual understanding but struggles with providing detailed explanations, showing work, and analyzing complex scenarios. Recommendations: (1) Always show detailed calculations and step-by-step reasoning, (2) Provide numerical evidence and specific values when comparing performance, (3) Answer all parts of multi-part questions completely, (4) Use provided tools (-c, -p flags) to verify answers and show results, (5) Explain the 'why' behind answers, not just the 'what'. Overall score: 76.5/133 points (57.5%)",6.5,6.0,10.0,8.0,6.0,40.0
1,global.anthropic.claude-haiku-4-5-20251001-v1:0,3,69.5,133.0,89.0,61.0,89.0,79.66666666666667,-10.166666666666671,0.5225563909774437,Anthropic,926,75.83333333333333,6.0277137733417065,26.51112580299377,26.514523029327396,"The student demonstrates partial understanding of operating systems concepts but shows significant gaps in completeness and rigor. Strengths include correct identification of key concepts (scheduling algorithms, paging translation) and accurate final answers in some cases. Major weaknesses include: (1) Lack of quantitative analysis and numerical examples, (2) Missing detailed explanations and step-by-step reasoning, (3) Incomplete answers to multi-part questions, (4) Insufficient justification for conclusions. The student would benefit from: (1) Providing detailed traces and calculations, (2) Showing all work and reasoning, (3) Offering specific numerical examples and comparisons, (4) Thoroughly addressing all sub-questions. Performance ranges from weak (Q1, Q5: 6-6.5/19-27) to strong (Q6: 35/40), with most questions receiving partial credit due to incomplete explanations despite correct conceptual understanding.",6.5,4.0,10.0,8.0,6.0,35.0
1,gemini-2.5-flash,1,109.5,133.0,89.0,61.0,89.0,79.66666666666667,29.83333333333333,0.8233082706766918,Google,347,108.83333333333333,1.6072751268321606,26.151604652404785,26.154616355896,"The student demonstrates a strong understanding of the concepts in questions 1, 2, 3, and 6, providing accurate and concise answers. Areas for improvement include providing more detailed explanations and computations as requested in questions 4 and 5, particularly regarding the breakdown of time units and the sustained behavior of buffer states.",19.0,16.0,15.0,8.0,11.5,40.0
1,gemini-2.5-flash,2,107.0,133.0,89.0,61.0,89.0,79.66666666666667,27.33333333333333,0.8045112781954887,Google,387,108.83333333333333,1.6072751268321606,21.60436606407165,21.60632824897766,"The student demonstrates a strong understanding of scheduling algorithms, basic assembly execution, and memory management concepts, particularly excelling in the paging translation problem. Areas for improvement include providing more detailed explanations and breakdowns, especially when explicitly requested or implied by the rubric, and ensuring precise descriptions of system states.",19.0,16.0,15.0,8.0,9.0,40.0
1,gemini-2.5-flash,3,110.0,133.0,89.0,61.0,89.0,79.66666666666667,30.33333333333333,0.8270676691729323,Google,398,108.83333333333333,1.6072751268321606,27.59431791305542,27.5961492061615,"The student demonstrates a strong understanding of scheduling policies, virtual memory translation, and basic program execution. They provided excellent answers for questions 1, 3, and 6. Areas for improvement include providing more detailed explanations and breakdowns for questions 4 and 5, particularly regarding the consumer's behavior with larger buffers and the sustained state of `num_full`.",19.0,16.0,15.0,8.0,12.0,40.0
1,gemini-2.5-pro,1,99.0,133.0,89.0,61.0,89.0,79.66666666666667,19.33333333333333,0.7443609022556391,Google,295,95.33333333333333,7.234178138070236,36.6139395236969,36.61638760566712,"The student demonstrates strong performance on tasks requiring direct execution of tools and reporting results (Q6) and on clear conceptual questions (Q2, Q3). Performance is weaker on questions requiring more detailed synthesis, quantitative analysis, or showing intermediate work (Q1, Q4, Q5).",13.0,16.0,15.0,8.0,7.0,40.0
1,gemini-2.5-pro,2,87.0,133.0,89.0,61.0,89.0,79.66666666666667,7.333333333333329,0.6541353383458647,Google,307,95.33333333333333,7.234178138070236,36.18365240097046,36.18537497520447,"The student shows strong ability in running simulations and finding direct answers (Q6, Q4) but struggles to provide the detailed explanations, calculations, and specific predictions required by the prompts. Many answers are correct but incomplete, missing the underlying reasoning or quantitative analysis.",6.0,8.0,13.0,8.0,12.0,40.0
1,gemini-2.5-pro,3,100.0,133.0,89.0,61.0,89.0,79.66666666666667,20.33333333333333,0.7518796992481203,Google,369,95.33333333333333,7.234178138070236,51.95037388801575,51.952431440353394,"The student demonstrates strong skills in tasks that involve direct simulation and precise calculation (Q2, Q3, Q6), achieving perfect scores. However, performance is weaker on questions requiring detailed qualitative explanations or showing computational steps (Q1, Q4, Q5), where answers were often incomplete or too brief. Improving the depth of explanations is key.",13.0,16.0,15.0,8.0,8.0,40.0
10,gpt-5,1,40.0,133.0,74.0,76.0,87.0,79.0,-39.0,0.3007518796992481,OpenAI,585,43.833333333333336,5.392896562454478,125.49830865859984,125.49966335296632,"Some correct insights and answers (notably Q4 and parts of Q3 and Q6), but many responses lack the specific computations, detailed traces, or precise comparisons required by the rubrics. For scheduling (Q1), provide explicit average metrics and note policy invariance/sensitivity to order. For the ISA trace (Q2), include step-by-step register evolution. For concurrency (Q3, Q5), focus on articulating the core contention effects and quantitative/qualitative performance expectations under different flags and sleep patterns. For paging (Q6), show PDE/PTE steps to ensure correctness.",3.0,4.0,7.0,16.0,0.0,10.0
10,gpt-5,2,41.5,133.0,74.0,76.0,87.0,79.0,-37.5,0.31203007518796994,OpenAI,550,43.833333333333336,5.392896562454478,166.35365533828735,166.3601861000061,"Solid result on the scheduling/I/O timing question (Q4). Partial understanding shown in Q1 (per-job times correct and FIFO order effect noted) but missing average metrics and SJF invariance. Q2, Q3, and Q5 lack required detail or contain incorrect conclusions; provide full traces/explanations and align performance reasoning with the locking models. Q6 needs careful PDE/PTE index/validity checks; include your working to avoid translation mistakes. Use the provided simulators/tools (-c, traces) to verify and report complete, quantitative results.",7.5,2.0,5.0,16.0,1.0,10.0
10,gpt-5,3,50.0,133.0,74.0,76.0,87.0,79.0,-29.0,0.37593984962406013,OpenAI,644,43.833333333333336,5.392896562454478,129.07532906532288,129.07658219337463,"You showed some correct reasoning in scheduling (per-job times and FIFO sensitivity to order) and nailed the time/IO breakdown in the process scheduling question. However, many answers lacked the specific details requested by the rubrics: compute averages where asked, explicitly state invariants (e.g., SJF under reordering), and provide step-by-step traces or calculations (e.g., x86 register evolution and paging PDE/PTE lookups). For concurrency/performance questions, align claims with the provided reference behaviors and quantify where possible. Adding concise, structured working would substantially improve both correctness and credit.",11.0,4.0,7.0,16.0,2.0,10.0
10,gpt-4o,1,76.0,133.0,74.0,76.0,87.0,79.0,-3.0,0.5714285714285714,OpenAI,198,65.16666666666667,17.061164477647278,30.159618854522705,30.160768747329712,The student demonstrates a good understanding of some concepts but lacks detail and accuracy in others. They should focus on providing complete explanations and verifying their answers for accuracy.,13.0,8.0,10.0,16.0,9.0,20.0
10,gpt-4o,2,45.5,133.0,74.0,76.0,87.0,79.0,-33.5,0.34210526315789475,OpenAI,241,65.16666666666667,17.061164477647278,23.11429715156555,23.11604237556457,The student demonstrates a basic understanding of the concepts but lacks detailed explanations and accurate calculations in several areas. Focus on providing complete answers with explanations and correct calculations to improve performance.,9.5,0.0,5.0,8.0,3.0,20.0
10,gpt-4o,3,74.0,133.0,74.0,76.0,87.0,79.0,-5.0,0.556390977443609,OpenAI,251,65.16666666666667,17.061164477647278,13.724136590957642,13.72573709487915,"The student demonstrates a good understanding of the concepts but needs to provide more detailed explanations and calculations in several areas. Specific average times, detailed process explanations, and correct translations are areas for improvement.",13.0,8.0,10.0,14.0,9.0,20.0
10,global.anthropic.claude-opus-4-6-v1,1,55.0,133.0,74.0,76.0,87.0,79.0,-24.0,0.41353383458646614,Anthropic,648,54.666666666666664,1.5275252316519456,53.90432238578797,53.9060697555542,"The student demonstrates partial understanding across most topics but lacks depth and precision in explanations. For scheduling questions (Q1, Q4), the student shows reasonable understanding. For the x86 simulation (Q2), only the final answer was given without the required trace. The concurrency question (Q3, Q5) answers are too vague and sometimes inaccurate. The page table translation question (Q6) shows significant errors - only 2 of 8 addresses were correctly translated. The student should focus on showing detailed work, especially for translation exercises, and providing more specific and thorough explanations for conceptual questions.",13.0,4.0,7.0,14.0,7.0,10.0
10,global.anthropic.claude-opus-4-6-v1,2,56.0,133.0,74.0,76.0,87.0,79.0,-23.0,0.42105263157894735,Anthropic,706,54.666666666666664,1.5275252316519456,55.66400766372681,55.665879249572754,"The student demonstrates partial understanding across most topics but lacks precision and completeness in many answers. Question 1 shows reasonable understanding but misses the key insight about SJF invariance. Question 2 needs the full execution trace, not just the final value. Question 3 has a good grasp of the main problem but performance comparisons are inaccurate. Question 4 is well answered. Question 5 shows superficial understanding without capturing the key mechanisms. Question 6 has significant errors in the page table translation process, with only 2 of 8 addresses correct. The student should focus on showing detailed work and verifying calculations, especially for translation exercises.",11.0,4.0,10.0,15.0,6.0,10.0
10,global.anthropic.claude-opus-4-6-v1,3,53.0,133.0,74.0,76.0,87.0,79.0,-26.0,0.39849624060150374,Anthropic,705,54.666666666666664,1.5275252316519456,53.23016858100891,53.23214173316956,"The student demonstrates partial understanding across the questions but lacks depth and accuracy in many areas. Questions 1 and 4 were handled reasonably well with mostly correct answers. Question 2 needed a full trace rather than just the final value. Question 3 had a good identification of the main problem but inaccurate performance comparisons. Question 5 answers were too vague and sometimes incorrect. Question 6 had only 2 out of 8 addresses correct, suggesting the student needs to practice the multi-level page table translation process more carefully. Overall, the student should focus on providing more detailed explanations and showing work/procedures, especially for computational questions.",13.0,4.0,8.0,14.0,4.0,10.0
10,global.anthropic.claude-sonnet-4-6,1,65.0,133.0,74.0,76.0,87.0,79.0,-14.0,0.48872180451127817,Anthropic,795,65.66666666666667,1.1547005383792495,49.56003451347351,49.56173849105835,"The student demonstrates basic understanding of scheduling algorithms, paging concepts, and synchronization primitives, but answers are often incomplete or lack sufficient depth. Question 1 shows good numerical work but misses key conceptual points. Question 2 provides only a final answer without process explanation. Question 3 correctly identifies the main problem but performance comparisons are inaccurate. Question 4 is well-answered. Question 5 is too vague across all sub-questions. Question 6 shows significant errors in multilevel page table translation - only 2 of 8 addresses are correct, suggesting the student needs more practice with the translation process. Overall, the student should focus on showing detailed work and providing complete explanations rather than brief answers.",16.0,6.0,10.0,14.0,9.0,10.0
10,global.anthropic.claude-sonnet-4-6,2,65.0,133.0,74.0,76.0,87.0,79.0,-14.0,0.48872180451127817,Anthropic,695,65.66666666666667,1.1547005383792495,47.58020377159119,47.5817186832428,"The student demonstrates basic understanding of scheduling algorithms, paging concepts, and synchronization primitives, but often lacks depth and precision in explanations. Strong points include correct numerical answers for scheduling (Q1) and I/O simulation (Q4). Weaknesses include insufficient explanation of processes (Q2 - only gave final answer without trace), incomplete analysis of performance comparisons (Q3, Q5), and significant errors in multi-level page table translations (Q6 - only 2/8 correct). The student should focus on showing work and providing detailed step-by-step reasoning rather than just stating conclusions. Total estimated score: approximately 65/133 points (~49%).",16.0,6.0,10.0,15.0,8.0,10.0
10,global.anthropic.claude-sonnet-4-6,3,67.0,133.0,74.0,76.0,87.0,79.0,-12.0,0.5037593984962406,Anthropic,779,65.66666666666667,1.1547005383792495,48.59455347061157,48.596152544021606,"The student demonstrates basic understanding of OS concepts but struggles with detailed analysis and precise calculations. Strong performance on Question 4 (process scheduling with I/O) and reasonable performance on Question 1 (SJF/FIFO scheduling). However, significant weaknesses appear in: (1) Question 2 - providing only a final answer without process explanation; (2) Question 5 - vague and incomplete analysis of producer-consumer behavior; (3) Question 6 - most multi-level page table translations are incorrect, suggesting difficulty with the translation algorithm. The student should practice showing work step-by-step, especially for memory translation problems, and provide more detailed explanations rather than brief answers. Total score: approximately 67/117 (57%).",16.0,6.0,10.0,16.0,9.0,10.0
10,global.anthropic.claude-haiku-4-5-20251001-v1:0,1,57.0,133.0,74.0,76.0,87.0,79.0,-22.0,0.42857142857142855,Anthropic,969,57.0,2.0,25.908871173858643,25.91520118713379,"The student demonstrates partial understanding of operating systems concepts but shows significant gaps in several areas. Strengths include correct identification of basic concepts (scheduling, I/O timing, some page faults) and ability to provide concrete examples. However, major weaknesses include: (1) lack of detailed explanations and theoretical reasoning, (2) incomplete analysis of performance comparisons, (3) poor performance on multi-level page table translations (75% error rate), and (4) vague or unclear explanations in several responses. The student would benefit from: practicing step-by-step problem solving with detailed work shown, studying the theoretical foundations of scheduling and memory management more thoroughly, and verifying answers through simulation tools before submission. Overall performance is below average, with a weighted score suggesting the student understands basic concepts but struggles with application and detailed analysis.",13.0,4.0,8.0,16.0,6.0,10.0
10,global.anthropic.claude-haiku-4-5-20251001-v1:0,2,55.0,133.0,74.0,76.0,87.0,79.0,-24.0,0.41353383458646614,Anthropic,818,57.0,2.0,26.28041219711304,26.28309154510498,"The student demonstrates partial understanding of the course material with significant gaps. Strengths include correct identification of basic concepts (e.g., scheduling policies, paging faults) and accurate calculations in some scenarios. However, there are substantial weaknesses: (1) Incomplete explanations lacking required reasoning and process descriptions; (2) Systematic errors in hexadecimal arithmetic and address translation; (3) Vague or contradictory statements that don't align with reference answers; (4) Missing detailed traces and step-by-step procedures. The student should focus on: providing complete explanations with reasoning, practicing hexadecimal calculations, showing all work step-by-step, and ensuring answers match the expected format and depth. Overall performance: 55/133 points (~41%).",13.0,2.0,8.0,16.0,6.0,10.0
10,global.anthropic.claude-haiku-4-5-20251001-v1:0,3,59.0,133.0,74.0,76.0,87.0,79.0,-20.0,0.44360902255639095,Anthropic,861,57.0,2.0,24.531416654586792,24.534058094024655,"The student demonstrates partial understanding of the course material with significant gaps in several areas. Strengths include correct answers on scheduling timing (Q4) and some correct fault identification in paging (Q6). However, major weaknesses are evident in: (1) incomplete analysis of scheduling algorithms and their properties (Q1), (2) lack of process explanation in program tracing (Q2), (3) insufficient detail in concurrency analysis (Q3), (4) vague and unclear explanations in producer-consumer problems (Q5), and (5) systematic errors in address translation calculations (Q6). The student should focus on: providing detailed step-by-step reasoning, showing all work in calculations, explaining the 'why' behind answers not just the 'what', and practicing hexadecimal conversions and page table lookups. Overall performance: 59/133 points (44.4%).",13.0,5.0,9.0,16.0,6.0,10.0
10,gemini-2.5-flash,1,16.0,133.0,74.0,76.0,87.0,79.0,-63.0,0.12030075187969924,Google,0,43.5,24.19194080680589,30.16504406929016,30.166698455810547,,16.0,0.0,,,,
10,gemini-2.5-flash,2,53.0,133.0,74.0,76.0,87.0,79.0,-26.0,0.39849624060150374,Google,340,43.5,24.19194080680589,22.322996854782104,22.324755668640137,"The student demonstrated a good understanding of job scheduling mechanics and basic system simulation. However, there are significant gaps in explaining process behavior, predicting outcomes in specific scenarios, and performing detailed memory translations. Attention to detail and comprehensive explanations are key areas for improvement.",16.5,0.0,7.5,16.0,3.0,10.0
10,gemini-2.5-flash,3,61.5,133.0,74.0,76.0,87.0,79.0,-17.5,0.462406015037594,Google,319,43.5,24.19194080680589,19.94340991973877,19.94521999359131,"The student demonstrated a good understanding of basic scheduling and some concurrency concepts, particularly in Q3 and Q4. However, there are significant gaps in understanding for memory translation (Q6) and detailed process explanation (Q1, Q2, Q5). More attention to detail and comprehensive explanations are needed.",9.0,0.0,12.5,16.0,3.0,21.0
10,gemini-2.5-pro,1,50.0,133.0,74.0,76.0,87.0,79.0,-29.0,0.37593984962406013,Google,387,57.666666666666664,6.658328118479393,29.31463885307312,29.316465377807617,"The submission demonstrates a mixed understanding. There is strength in basic scheduling concepts (Q1, Q4), but significant weaknesses in providing required explanations (Q2), concurrency analysis (Q3), producer-consumer details (Q5), and virtual memory mechanics (Q6). Answers were often incomplete or incorrect. Focus on detail and justifying answers per rubric requirements is needed.",16.0,0.0,5.0,16.0,3.0,10.0
10,gemini-2.5-pro,2,61.0,133.0,74.0,76.0,87.0,79.0,-18.0,0.45864661654135336,Google,330,57.666666666666664,6.658328118479393,25.71224164962769,25.71397566795349,"The submission shows a mixed level of understanding. The student performed well on direct calculation problems (Q4, Q1) but struggled with questions requiring detailed explanations (Q2, Q5), performance analysis (Q3), or precise, multi-step procedures (Q6). Answers were often incomplete or lacked the required depth and accuracy.",16.0,8.0,5.0,16.0,6.0,10.0
10,gemini-2.5-pro,3,62.0,133.0,74.0,76.0,87.0,79.0,-17.0,0.46616541353383456,Google,194,57.666666666666664,6.658328118479393,32.27449035644531,32.276474952697754,"The submission shows a solid grasp of basic scheduling concepts but struggles with concurrency, memory management, and providing detailed explanations. Many answers were incomplete or incorrect.",16.0,8.0,10.0,16.0,2.0,10.0
11,gpt-5,1,76.0,133.0,86.0,57.0,67.0,70.0,6.0,0.5714285714285714,OpenAI,462,76.33333333333333,1.5275252316519452,130.0139398574829,130.01513123512268,"You demonstrated strong understanding on concurrency questions (Q3, Q5) and correctly estimated completion time in Q4. However, scheduling metrics (Q1) and translation accuracy (Q6) need much more rigor and correctness, and Q2 should include the full value trace, not just the final value. For future work: compute and report exact metrics when requested, include step-by-step reasoning for traces/translations, and verify PDE/PTE validity and indices carefully.",0.0,6.0,15.0,8.0,27.0,20.0
11,gpt-5,2,78.0,133.0,86.0,57.0,67.0,70.0,8.0,0.5864661654135338,OpenAI,481,76.33333333333333,1.5275252316519452,110.98819184303284,110.98964142799376,"You showed strong understanding on concurrency questions (Q3, Q5) and correctly identified the total time in Q4. However, Q1 lacked any of the required specifics (policy-dependent averages and order effects), Q2 omitted the required step-by-step trace, and Q6 contained many incorrect translations. To improve: provide concrete computations and justifications where requested, and double-check paging translation steps (PDE/PTE indices, valid bits, and physical address formation).",0.0,6.0,15.0,8.0,27.0,22.0
11,gpt-5,3,75.0,133.0,86.0,57.0,67.0,70.0,5.0,0.5639097744360902,OpenAI,515,76.33333333333333,1.5275252316519452,129.31660199165344,129.31793904304504,"Mixed performance. Strong, accurate explanations for lock-based vector code (Q3) and producer/consumer behavior (Q5). Correct total time for the scheduling/I-O simulator scenario (Q4) but lacking rationale. Paging translations (Q6) contained many miscalculations—review PDE/PTE indexing and validity handling. For scheduling (Q1), provide concrete averages and discuss order effects (SJF invariant; FIFO order-dependent). For the loop register trace (Q2), include instruction-by-instruction values. Total: 75.0/133.",0.0,5.0,15.0,8.0,27.0,20.0
11,gpt-4o,1,81.0,133.0,86.0,57.0,67.0,70.0,11.0,0.6090225563909775,OpenAI,307,83.33333333333333,2.516611478423583,23.3092098236084,23.31045889854431,"The student demonstrated a good understanding of some concepts, particularly in questions 4 and 5. However, there is a need for more detailed explanations and accurate calculations in other areas, especially in question 1 and 6. Attention to detail and thoroughness in explanations will improve performance.",0.0,8.0,10.0,16.0,27.0,20.0
11,gpt-4o,2,86.0,133.0,86.0,57.0,67.0,70.0,16.0,0.6466165413533834,OpenAI,298,83.33333333333333,2.516611478423583,20.10046768188477,20.10190224647522,"The student demonstrated a good understanding of some concepts, particularly in questions 3, 4, and 5. However, there is a need for more detailed explanations and accurate calculations in questions 1, 2, and 6. Focus on providing step-by-step reasoning and ensuring accuracy in technical processes.",0.0,8.0,15.0,16.0,27.0,20.0
11,gpt-4o,3,83.0,133.0,86.0,57.0,67.0,70.0,13.0,0.6240601503759399,OpenAI,293,83.33333333333333,2.516611478423583,22.40563726425171,22.4075767993927,"The student demonstrated a good understanding of some concepts, particularly in questions 4 and 5. However, there were significant gaps in addressing the specific requirements of the rubric, especially in question 1. More attention to detail and thorough explanations are needed in some areas.",0.0,8.0,12.0,16.0,27.0,20.0
11,global.anthropic.claude-opus-4-6-v1,1,73.0,133.0,86.0,57.0,67.0,70.0,3.0,0.5488721804511278,Anthropic,625,71.16666666666667,6.4485140407177,46.16326403617859,46.16817545890808,"The student demonstrates varying levels of understanding across the questions. Question 5 was answered excellently, closely matching the reference. Question 3 was also well-answered. However, Questions 1 and 4 lack necessary detail and computation. Question 2 gives the correct answer but without the required process explanation. Question 6 shows significant errors in the address translation process, suggesting the student may not have used the correct memory dump values from the simulator. The student should focus on providing more detailed explanations and showing their work, particularly for computational questions.",0.0,8.0,13.0,8.0,27.0,17.0
11,global.anthropic.claude-opus-4-6-v1,2,64.0,133.0,86.0,57.0,67.0,70.0,-6.0,0.48120300751879697,Anthropic,640,71.16666666666667,6.4485140407177,50.0342333316803,50.03702545166016,"The student demonstrates varying levels of understanding across the questions. Question 5 (producer-consumer with condition variables) was answered excellently with full marks. Questions 1, 2, and 4 show partial understanding but lack sufficient detail and explanation. Question 3 was answered well with minor gaps. Question 6 (multi-level page table translation) was largely incorrect, with only 1-2 out of 8 addresses correctly translated, indicating a need to practice the translation process more carefully. Overall, the student should focus on showing detailed work and step-by-step reasoning, particularly for computational questions.",1.0,8.0,12.0,8.0,27.0,8.0
